Country,Year,GDP
Algeria,1960,2723615451.0
Benin,1960,226195578.4
Botswana,1960,30411413.66
Burkina Faso,1960,330442815.8
Burundi,1960,195999990.0
Cameroon,1960,614206068.5
Central African Republic,1960,112155598.5
Chad,1960,313582728.1
Eswatini,1960,35076845.97
Ethiopia,1960,1610511694.0
Gabon,1960,141468977.8
Ghana,1960,1223943662.0
Kenya,1960,791265459.5
Lesotho,1960,34579986.17
Liberia,1960,190495600.0
Libya,1960,401644248.8
Madagascar,1960,673081724.8
Mauritius,1960,162089563.9
Morocco,1960,2037154742.0
Niger,1960,449526873.3
Nigeria,1960,4196174502.0
Rwanda,1960,119000024.0
Senegal,1960,1003692370.0
Seychelles,1960,12012024.62
Sierra Leone,1960,322151470.6
Somalia,1960,180459936.8
South Africa,1960,8748596501.0
Sudan,1960,1127011494.0
Tanzania,1960,2651729807.0
Togo,1960,171057069.1
Uganda,1960,423008385.7
Zambia,1960,713000000.0
Zimbabwe,1960,1052990400.0
Algeria,1961,2434747056.0
Benin,1961,235668220.5
Botswana,1961,32902612.87
Burkina Faso,1961,350247234.3
Burundi,1961,202999992.0
Cameroon,1961,652777608.3
Central African Republic,1961,123134583.5
Chad,1961,333975336.1
Eswatini,1961,43026042.79
Ethiopia,1961,1680859514.0
Gabon,1961,167637907.1
Ghana,1961,1309859155.0
Kenya,1961,792959472.8
Lesotho,1961,35699985.72
Liberia,1961,183920900.0
Libya,1961,443905611.6
Madagascar,1961,699161944.6
Mauritius,1961,191757729.4
Morocco,1961,2025693540.0
Niger,1961,485785231.0
Nigeria,1961,4467287893.0
Rwanda,1961,122000016.0
Senegal,1961,1058975257.0
Seychelles,1961,11592023.76
Sierra Leone,1961,327979248.4
Somalia,1961,191659914.4
South Africa,1961,9225996310.0
Sudan,1961,1223563218.0
Tanzania,1961,2826179031.0
Togo,1961,178497098.3
Uganda,1961,441524109.0
Zambia,1961,696285714.3
Zimbabwe,1961,1096646600.0
Algeria,1962,2001444544.0
Benin,1962,236434954.0
Botswana,1962,35644956.64
Burkina Faso,1962,379567099.2
Burundi,1962,213500006.0
Cameroon,1962,694247864.4
Central African Republic,1962,124482773.8
Chad,1962,357635713.4
Eswatini,1962,45927961.63
Ethiopia,1962,1747566307.0
Gabon,1962,182796536.3
Ghana,1962,1390140845.0
Kenya,1962,868111400.8
Lesotho,1962,41859983.26
Liberia,1962,191861800.0
Libya,1962,619725784.7
Madagascar,1962,739286907.6
Mauritius,1962,197738207.8
Morocco,1962,2379611125.0
Niger,1962,531736599.3
Nigeria,1962,4909399176.0
Rwanda,1962,125000008.0
Senegal,1962,1085475791.0
Seychelles,1962,12642025.92
Sierra Leone,1962,342872712.4
Somalia,1962,203531927.5
South Africa,1962,9813996074.0
Sudan,1962,1329022989.0
Tanzania,1962,3101589993.0
Togo,1962,186745757.9
Uganda,1962,449012578.6
Zambia,1962,693142857.1
Zimbabwe,1962,1117601600.0
Algeria,1963,2702982018.0
Benin,1963,253927697.3
Botswana,1963,38091842.85
Burkina Faso,1963,394040667.1
Burundi,1963,232749998.0
Cameroon,1963,718320845.0
Central African Republic,1963,129379123.8
Chad,1963,371767002.2
Eswatini,1963,54129438.35
Ethiopia,1963,1825058828.0
Gabon,1963,154480244.1
Ghana,1963,1549295775.0
Kenya,1963,926589349.4
Lesotho,1963,47039981.18
Liberia,1963,200229600.0
Libya,1963,892327911.1
Madagascar,1963,759345863.7
Mauritius,1963,253839557.9
Morocco,1963,2657252578.0
Niger,1963,586294878.7
Nigeria,1963,5165590254.0
Rwanda,1963,128000000.0
Senegal,1963,1122139862.0
Seychelles,1963,13923028.54
Sierra Leone,1963,348700653.6
Somalia,1963,216145935.9
South Africa,1963,10854195658.0
Sudan,1963,1352011494.0
Tanzania,1963,3456579293.0
Togo,1963,202305865.2
Uganda,1963,516147798.7
Zambia,1963,718714285.7
Zimbabwe,1963,1159511700.0
Algeria,1964,2909316435.0
Benin,1964,269819005.9
Botswana,1964,41616347.79
Burkina Faso,1964,410321645.0
Burundi,1964,260750008.0
Cameroon,1964,776650176.9
Central African Republic,1964,142025078.7
Chad,1964,392247517.7
Eswatini,1964,64980554.01
Ethiopia,1964,1984129185.0
Gabon,1964,215679855.3
Ghana,1964,1740845070.0
Kenya,1964,998759334.5
Lesotho,1964,51939979.22
Liberia,1964,218929100.0
Libya,1964,1341395422.0
Madagascar,1964,802482183.7
Mauritius,1964,218914569.1
Morocco,1964,2798345299.0
Niger,1964,582816396.4
Nigeria,1964,5552931319.0
Rwanda,1964,129999994.0
Senegal,1964,1188930645.0
Seychelles,1964,15393031.56
Sierra Leone,1964,372012091.5
Somalia,1964,229529912.7
South Africa,1964,11955995218.0
Sudan,1964,1389080460.0
Tanzania,1964,3748840925.0
Togo,1964,234572186.5
Uganda,1964,589056603.8
Zambia,1964,839428571.4
Zimbabwe,1964,1217138000.0
Algeria,1965,3136284307.0
Benin,1965,289908680.4
Botswana,1965,45788696.33
Burkina Faso,1965,422916789.7
Burundi,1965,158994963.0
Cameroon,1965,814083265.5
Central African Republic,1965,150574795.4
Chad,1965,416926303.3
Eswatini,1965,70279971.89
Ethiopia,1965,2159998591.0
Gabon,1965,226474285.8
Ghana,1965,2064788732.0
Kenya,1965,997919320.8
Lesotho,1965,54879978.05
Liberia,1965,229260800.0
Libya,1965,1804979679.0
Madagascar,1965,833563473.0
Mauritius,1965,230024160.6
Morocco,1965,2948331090.0
Niger,1965,673383510.8
Nigeria,1965,5874537650.0
Rwanda,1965,148799980.0
Senegal,1965,1210058228.0
Seychelles,1965,15603031.99
Sierra Leone,1965,359523809.5
Somalia,1965,243725898.0
South Africa,1965,13068994772.0
Sudan,1965,1447701149.0
Tanzania,1965,3817226546.0
Togo,1965,264505506.0
Uganda,1965,884502310.0
Zambia,1965,1082857143.0
Zimbabwe,1965,1311435800.0
Algeria,1966,3039859187.0
Benin,1966,302925235.2
Botswana,1966,51465655.39
Burkina Faso,1966,433889766.2
Burundi,1966,165444571.4
Cameroon,1966,851112534.6
Central African Republic,1966,157930018.1
Chad,1966,432794921.7
Eswatini,1966,76859969.26
Ethiopia,1966,2324466416.0
Gabon,1966,245849781.3
Ghana,1966,2138028169.0
Kenya,1966,1164519674.0
Lesotho,1966,56699977.32
Liberia,1966,244459500.0
Libya,1966,2312438535.0
Madagascar,1966,900264584.6
Mauritius,1966,227534083.5
Morocco,1966,2876401297.0
Niger,1966,702296078.6
Nigeria,1966,6366917453.0
Rwanda,1966,124525702.9
Senegal,1966,1246908186.0
Seychelles,1966,16443033.71
Sierra Leone,1966,375630252.1
Somalia,1966,257375897.0
South Africa,1966,14211394315.0
Sudan,1966,1485344828.0
Tanzania,1966,4377998825.0
Togo,1966,305227594.8
Uganda,1966,925381492.4
Zambia,1966,1264285714.0
Zimbabwe,1966,1281749500.0
Algeria,1967,3370870376.0
Benin,1967,306221953.1
Botswana,1967,58642354.09
Burkina Faso,1967,450753923.5
Burundi,1967,178297142.9
Cameroon,1967,936175260.0
Central African Republic,1967,163820513.6
Chad,1967,449826322.6
Eswatini,1967,74759970.1
Ethiopia,1967,2461762003.0
Gabon,1967,271543680.0
Ghana,1967,1748837209.0
Kenya,1967,1232559507.0
Lesotho,1967,59261976.3
Liberia,1967,261024300.0
Libya,1967,2726986913.0
Madagascar,1967,956436932.1
Mauritius,1967,238439290.9
Morocco,1967,3046345314.0
Niger,1967,665586872.3
Nigeria,1967,5203237919.0
Rwanda,1967,159560018.0
Senegal,1967,1246480766.0
Seychelles,1967,16632032.13
Sierra Leone,1967,348895027.6
Somalia,1967,271781886.8
South Africa,1967,15821393671.0
Sudan,1967,1608333333.0
Tanzania,1967,4565132047.0
Togo,1967,327215843.6
Uganda,1967,967240655.2
Zambia,1967,1368000000.0
Zimbabwe,1967,1397002000.0
Algeria,1968,3852147027.0
Benin,1968,326323105.3
Botswana,1968,66248441.42
Burkina Faso,1968,460442689.4
Burundi,1968,183200000.0
Cameroon,1968,1046191218.0
Central African Republic,1968,191767441.6
Chad,1968,453980096.2
Eswatini,1968,79799968.08
Ethiopia,1968,2619948865.0
Gabon,1968,294468564.2
Ghana,1968,1666666667.0
Kenya,1968,1353295459.0
Lesotho,1968,61445975.42
Liberia,1968,276820700.0
Libya,1968,3850623096.0
Madagascar,1968,1031669637.0
Mauritius,1968,206576630.6
Morocco,1968,3271422333.0
Niger,1968,641214226.2
Nigeria,1968,5200997920.0
Rwanda,1968,172200018.0
Senegal,1968,1309384862.0
Seychelles,1968,16074027.65
Sierra Leone,1968,329991956.8
Somalia,1968,286719885.3
South Africa,1968,17124793150.0
Sudan,1968,1678735632.0
Tanzania,1968,4895251824.0
Togo,1968,341691567.5
Uganda,1968,1037379252.0
Zambia,1968,1605857143.0
Zimbabwe,1968,1479599900.0
Algeria,1969,4257253264.0
Benin,1969,330748244.5
Botswana,1969,77361546.51
Burkina Faso,1969,478298645.4
Burundi,1969,190205714.3
Cameroon,1969,1100551489.0
Central African Republic,1969,188039210.1
Chad,1969,471635621.6
Eswatini,1969,105419957.8
Ethiopia,1969,2768987372.0
Gabon,1969,318124701.5
Ghana,1969,1961764706.0
Kenya,1969,1458379417.0
Lesotho,1969,65967973.61
Liberia,1969,306961800.0
Libya,1969,4380987480.0
Madagascar,1969,1056391056.0
Mauritius,1969,221553612.9
Morocco,1969,3651622669.0
Niger,1969,625867985.3
Nigeria,1969,6634317346.0
Rwanda,1969,188700037.0
Senegal,1969,1245234931.0
Seychelles,1969,16452028.3
Sierra Leone,1969,408853541.4
Somalia,1969,306357284.6
South Africa,1969,19256992297.0
Sudan,1969,1848563218.0
Tanzania,1969,5142066811.0
Togo,1969,378091809.6
Uganda,1969,1168556629.0
Zambia,1969,1965714286.0
Zimbabwe,1969,1747998800.0
Algeria,1970,4863526897.0
Benin,1970,333627713.5
Botswana,1970,96243233.66
Burkina Faso,1970,458404268.8
Burundi,1970,242732571.4
Cameroon,1970,1151216993.0
Central African Republic,1970,189106529.2
Chad,1970,469266736.7
Eswatini,1970,112139955.1
Ethiopia,1970,3045354455.0
Gabon,1970,323802475.5
Ghana,1970,2214705882.0
Kenya,1970,1603447359.0
Lesotho,1970,68739972.5
Liberia,1970,323099700.0
Libya,1970,4601649450.0
Madagascar,1970,1111859571.0
Mauritius,1970,224125805.0
Morocco,1970,3956336244.0
Niger,1970,649916621.2
Nigeria,1970,12546094982.0
Rwanda,1970,219900006.0
Senegal,1970,1297407655.0
Seychelles,1970,18432031.7
Sierra Leone,1970,434584033.6
Somalia,1970,347985394.3
South Africa,1970,21218391513.0
Sudan,1970,2101436782.0
Tanzania,1970,2851419386.0
Togo,1970,358665753.9
Uganda,1970,1259554809.0
Zambia,1970,1825285714.0
Zimbabwe,1970,1884206300.0
Algeria,1971,5077183094.0
Benin,1971,335073027.5
Botswana,1971,127448613.5
Burkina Faso,1971,482411179.1
Burundi,1971,252842285.7
Cameroon,1971,1236941394.0
Central African Republic,1971,201450799.8
Chad,1971,501866730.1
Eswatini,1971,136462080.7
Ethiopia,1971,3224280835.0
Gabon,1971,381687072.6
Ghana,1971,2427184466.0
Kenya,1971,1778391289.0
Lesotho,1971,76480285.0
Liberia,1971,341543100.0
Libya,1971,5260185126.0
Madagascar,1971,1199507631.0
Mauritius,1971,251437337.9
Morocco,1971,4356669034.0
Niger,1971,693573703.6
Nigeria,1971,9181769912.0
Rwanda,1971,222952504.4
Senegal,1971,1339549033.0
Seychelles,1971,21965950.77
Sierra Leone,1971,419495908.5
Somalia,1971,347039445.7
South Africa,1971,23411076638.0
Sudan,1971,2289655172.0
Tanzania,1971,3050673517.0
Togo,1971,404648367.8
Uganda,1971,1417191656.0
Zambia,1971,1687000000.0
Zimbabwe,1971,2178716300.0
Algeria,1972,6766743957.0
Benin,1972,410331857.0
Botswana,1972,164460915.0
Burkina Faso,1972,578595522.0
Burundi,1972,246804571.4
Cameroon,1972,1498251890.0
Central African Republic,1972,230317883.4
Chad,1972,585427546.8
Eswatini,1972,146736479.2
Ethiopia,1972,3520252938.0
Gabon,1972,430508358.5
Ghana,1972,2116541353.0
Kenya,1972,2107279157.0
Lesotho,1972,80913200.43
Liberia,1972,368098000.0
Libya,1972,6299395545.0
Madagascar,1972,1341590690.0
Mauritius,1972,318664899.7
Morocco,1972,5074117545.0
Niger,1972,742779660.8
Nigeria,1972,12274416018.0
Rwanda,1972,246457838.3
Senegal,1972,1620857104.0
Seychelles,1972,30645122.92
Sierra Leone,1972,465254432.0
Somalia,1972,447883941.2
South Africa,1972,24515919217.0
Sudan,1972,2484482759.0
Tanzania,1972,3472787266.0
Togo,1972,474043921.8
Uganda,1972,1490970181.0
Zambia,1972,1873249300.0
Zimbabwe,1972,2677729400.0
Algeria,1973,8707858912.0
Benin,1973,504376074.2
Botswana,1973,244124164.0
Burkina Faso,1973,674773569.9
Burundi,1973,304339839.6
Cameroon,1973,1901393361.0
Central African Republic,1973,271183082.0
Chad,1973,647199483.0
Eswatini,1973,221915127.6
Ethiopia,1973,4070570550.0
Gabon,1973,722780701.3
Ghana,1973,3018103448.0
Kenya,1973,2509001324.0
Lesotho,1973,121188715.8
Liberia,1973,386968300.0
Libya,1973,8625889431.0
Madagascar,1973,1653062335.0
Mauritius,1973,404285775.1
Morocco,1973,6242145880.0
Niger,1973,946385105.2
Nigeria,1973,15162871287.0
Rwanda,1973,290746157.1
Senegal,1973,1863398590.0
Seychelles,1973,36896280.48
Sierra Leone,1973,575471323.5
Somalia,1973,483699610.6
South Africa,1973,33262772008.0
Sudan,1973,3079022989.0
Tanzania,1973,4144104535.0
Togo,1973,574030984.0
Uganda,1973,1701829789.0
Zambia,1973,2435736196.0
Zimbabwe,1973,3309353600.0
Algeria,1974,13209871626.0
Benin,1974,554654860.7
Botswana,1974,306044207.5
Burkina Faso,1974,751133430.4
Burundi,1974,345263492.1
Cameroon,1974,2157415533.0
Central African Republic,1974,281398705.6
Chad,1974,652532795.1
Eswatini,1974,264320941.0
Ethiopia,1974,4577209966.0
Gabon,1974,1544216002.0
Ghana,1974,2894409938.0
Kenya,1974,2969958812.0
Lesotho,1974,150851316.5
Liberia,1974,486955000.0
Libya,1974,15112543718.0
Madagascar,1974,1917508190.0
Mauritius,1974,669894029.6
Morocco,1974,7675466449.0
Niger,1974,1026137111.0
Nigeria,1974,24846641318.0
Rwanda,1974,308458423.2
Senegal,1974,2099325229.0
Seychelles,1974,43134496.16
Sierra Leone,1974,648940350.9
Somalia,1974,572504035.9
South Africa,1974,41389186095.0
Sudan,1974,3961206897.0
Tanzania,1974,4977337978.0
Togo,1974,791450308.4
Uganda,1974,2098944967.0
Zambia,1974,2913063764.0
Zimbabwe,1974,3982161400.0
Algeria,1975,15557902754.0
Benin,1975,676870140.3
Botswana,1975,355168571.5
Burkina Faso,1975,939972703.5
Burundi,1975,420986666.7
Cameroon,1975,2857037371.0
Central African Republic,1975,378660016.3
Chad,1975,864602104.7
Eswatini,1975,288299788.5
Ethiopia,1975,4577047854.0
Gabon,1975,2157592940.0
Ghana,1975,2810106383.0
Kenya,1975,3259345083.0
Lesotho,1975,149558895.9
Liberia,1975,577549300.0
Libya,1975,14710912457.0
Madagascar,1975,2283049215.0
Mauritius,1975,673311287.1
Morocco,1975,8984853005.0
Niger,1975,1048690933.0
Nigeria,1975,27778934625.0
Rwanda,1975,571863500.2
Senegal,1975,2830388405.0
Seychelles,1975,47803145.95
Sierra Leone,1975,679352433.6
Somalia,1975,757015878.8
South Africa,1975,42906905672.0
Sudan,1975,4825862069.0
Tanzania,1975,5729917840.0
Togo,1975,871781686.9
Uganda,1975,2359555556.0
Zambia,1975,2443545879.0
Zimbabwe,1975,4371300700.0
Algeria,1976,17728240932.0
Benin,1976,698408261.9
Botswana,1976,372025093.0
Burkina Faso,1976,976547188.1
Burundi,1976,448412753.6
Cameroon,1976,2898090002.0
Central African Republic,1976,451152461.3
Chad,1976,866044962.0
Eswatini,1976,272550068.1
Ethiopia,1976,4943806093.0
Gabon,1976,3009409974.0
Ghana,1976,2765254237.0
Kenya,1976,3474542392.0
Lesotho,1976,147660036.9
Liberia,1976,596675700.0
Libya,1976,19096943016.0
Madagascar,1976,2181844179.0
Mauritius,1976,713510051.6
Morocco,1976,9584297284.0
Niger,1976,1064517601.0
Nigeria,1976,36308883249.0
Rwanda,1976,637753853.1
Senegal,1976,2869777884.0
Seychelles,1976,49278981.76
Sierra Leone,1976,594810152.7
Somalia,1976,871344245.1
South Africa,1976,41150460288.0
Sudan,1976,6016666667.0
Tanzania,1976,6472511988.0
Togo,1976,874681611.9
Uganda,1976,2447300000.0
Zambia,1976,2742796006.0
Zimbabwe,1976,4318372000.0
Algeria,1977,20972113685.0
Benin,1977,750049778.8
Botswana,1977,451624780.3
Burkina Faso,1977,1131224878.0
Burundi,1977,547535555.6
Cameroon,1977,3394664024.0
Central African Republic,1977,507298147.5
Chad,1977,935360464.7
Eswatini,1977,304060076.0
Ethiopia,1977,5651840585.0
Gabon,1977,2809349069.0
Ghana,1977,3189428571.0
Kenya,1977,4494378764.0
Lesotho,1977,193315048.3
Liberia,1977,673010600.0
Libya,1977,22428297108.0
Madagascar,1977,2358930406.0
Mauritius,1977,834722972.2
Morocco,1977,11049783872.0
Niger,1977,1291458041.0
Nigeria,1977,36035407725.0
Rwanda,1977,746650613.0
Senegal,1977,2938046463.0
Seychelles,1977,64526401.46
Sierra Leone,1977,692079581.2
Somalia,1977,498550724.6
South Africa,1977,45328411332.0
Sudan,1977,7503448276.0
Tanzania,1977,7732598995.0
Togo,1977,1097893826.0
Uganda,1977,2936470588.0
Zambia,1977,2514430380.0
Zimbabwe,1977,4364382100.0
Algeria,1978,26364491313.0
Benin,1978,928843469.4
Botswana,1978,590407374.4
Burkina Faso,1978,1475583645.0
Burundi,1978,610225555.6
Cameroon,1978,4662852583.0
Central African Republic,1978,610578632.0
Chad,1978,1113920124.0
Eswatini,1978,340630085.2
Ethiopia,1978,6014961435.0
Gabon,1978,2389479272.0
Ghana,1978,3662478185.0
Kenya,1978,5303735111.0
Lesotho,1978,266570066.6
Liberia,1978,717240400.0
Libya,1978,22136422642.0
Madagascar,1978,2669755115.0
Mauritius,1978,1029040323.0
Morocco,1978,13236946234.0
Niger,1978,1774365590.0
Nigeria,1978,36527862209.0
Rwanda,1978,905709076.4
Senegal,1978,3280354921.0
Seychelles,1978,85552365.8
Sierra Leone,1978,960765043.0
Somalia,1978,564571823.2
South Africa,1978,51607412902.0
Sudan,1978,8138461538.0
Tanzania,1978,9261675710.0
Togo,1978,1164025637.0
Uganda,1978,2420260870.0
Zambia,1978,2809862672.0
Zimbabwe,1978,4351600500.0
Algeria,1979,33243706860.0
Benin,1979,1186231020.0
Botswana,1979,819870258.8
Burkina Faso,1979,1748480621.0
Burundi,1979,782496666.7
Cameroon,1979,5919002983.0
Central African Republic,1979,700764747.8
Chad,1979,1004316496.0
Eswatini,1979,412093133.8
Ethiopia,1979,6586048398.0
Gabon,1979,3030251120.0
Ghana,1979,4020227920.0
Kenya,1979,6234391113.0
Lesotho,1979,290134592.5
Liberia,1979,814067900.0
Libya,1979,30536429498.0
Madagascar,1979,3463565854.0
Mauritius,1979,1227446632.0
Morocco,1979,15911994817.0
Niger,1979,2109277666.0
Nigeria,1979,47259911894.0
Rwanda,1979,1109346131.0
Senegal,1979,4084877823.0
Seychelles,1979,127261099.2
Sierra Leone,1979,1109343236.0
Somalia,1979,589566929.1
South Africa,1979,63038658089.0
Sudan,1979,8421678322.0
Tanzania,1979,9804637491.0
Togo,1979,1259365712.0
Uganda,1979,2139025000.0
Zambia,1979,3354854981.0
Zimbabwe,1979,5177459400.0
Algeria,1980,42345829079.0
Benin,1980,1405251847.0
Botswana,1980,1060889704.0
Burkina Faso,1980,1928719888.0
Burundi,1980,919726666.7
Cameroon,1980,6674569047.0
Central African Republic,1980,797048198.5
Chad,1980,1033002404.0
Eswatini,1980,541976852.6
Ethiopia,1980,7012585454.0
Gabon,1980,4279637942.0
Ghana,1980,4445228216.0
Kenya,1980,7265315820.0
Lesotho,1980,431542536.7
Liberia,1980,854711500.0
Libya,1980,40953924949.0
Madagascar,1980,5201818348.0
Mauritius,1980,1147027924.0
Morocco,1980,21728516153.0
Niger,1980,2508524721.0
Nigeria,1980,64201788123.0
Rwanda,1980,1254765642.0
Senegal,1980,4510108291.0
Seychelles,1980,156783829.5
Sierra Leone,1980,1100476190.0
Somalia,1980,602515548.5
South Africa,1980,89411864402.0
Sudan,1980,8951800000.0
Tanzania,1980,11409228087.0
Togo,1980,1604836916.0
Uganda,1980,1244610000.0
Zambia,1980,3882889734.0
Zimbabwe,1980,6678868200.0
Algeria,1981,44348590461.0
Benin,1981,1291120188.0
Botswana,1981,1073812830.0
Burkina Faso,1981,1775842334.0
Burundi,1981,969046666.7
Cameroon,1981,6610938617.0
Central African Republic,1981,694803622.9
Chad,1981,876937558.3
Eswatini,1981,570774824.8
Ethiopia,1981,7507663566.0
Gabon,1981,3862269121.0
Ghana,1981,4222441860.0
Kenya,1981,6854491706.0
Lesotho,1981,434188034.2
Liberia,1981,846514500.0
Libya,1981,36374353880.0
Madagascar,1981,4759333998.0
Mauritius,1981,1157769444.0
Morocco,1981,17788185479.0
Niger,1981,2170893414.0
Nigeria,1981,164475000000.0
Rwanda,1981,1407062527.0
Senegal,1981,4095892781.0
Seychelles,1981,163750728.2
Sierra Leone,1981,1114926661.0
Somalia,1981,699302473.1
South Africa,1981,93141472164.0
Sudan,1981,10751162791.0
Tanzania,1981,13161540378.0
Togo,1981,1359026709.0
Uganda,1981,1337300000.0
Zambia,1981,4006206897.0
Zimbabwe,1981,8011373800.0
Algeria,1982,45207167470.0
Benin,1982,1267778670.0
Botswana,1982,1014945696.0
Burkina Faso,1982,1754450096.0
Burundi,1982,1013222222.0
Cameroon,1982,6611255964.0
Central African Republic,1982,748312390.8
Chad,1982,834369859.7
Eswatini,1982,537568059.4
Ethiopia,1982,7899988841.0
Gabon,1982,3618007841.0
Ghana,1982,4035994398.0
Kenya,1982,6431579357.0
Lesotho,1982,348741683.7
Liberia,1982,863933200.0
Libya,1982,33760146992.0
Madagascar,1982,4784977326.0
Mauritius,1982,1092923636.0
Morocco,1982,17692276734.0
Niger,1982,2017612216.0
Nigeria,1982,142769000000.0
Rwanda,1982,1407243139.0
Senegal,1982,4013951443.0
Seychelles,1982,157211789.7
Sierra Leone,1982,1294995964.0
Somalia,1982,774578932.0
South Africa,1982,85904057409.0
Sudan,1982,8735294118.0
Tanzania,1982,13927383240.0
Togo,1982,1160337039.0
Uganda,1982,2177500000.0
Zambia,1982,3870075350.0
Zimbabwe,1982,8539700700.0
Algeria,1983,48801369800.0
Benin,1983,1095348199.0
Botswana,1983,1172230397.0
Burkina Faso,1983,1600278605.0
Burundi,1983,1082926304.0
Cameroon,1983,6870200010.0
Central African Republic,1983,658679332.7
Chad,1983,832415806.0
Eswatini,1983,555336145.8
Ethiopia,1983,8781664427.0
Gabon,1983,3391275732.0
Ghana,1983,4057275132.0
Kenya,1983,5979198314.0
Lesotho,1983,386699308.9
Liberia,1983,823374900.0
Libya,1983,33200520140.0
Madagascar,1983,4686457031.0
Mauritius,1983,1104956573.0
Morocco,1983,16251408128.0
Niger,1983,1803099561.0
Nigeria,1983,97094911792.0
Rwanda,1983,1479687587.0
Senegal,1983,3569356125.0
Seychelles,1983,156098237.0
Sierra Leone,1983,995278514.6
Somalia,1983,735408641.8
South Africa,1983,96204110942.0
Sudan,1983,8230153846.0
Tanzania,1983,14049883809.0
Togo,1983,1081387265.0
Uganda,1983,2240333333.0
Zambia,1983,3321048451.0
Zimbabwe,1983,7764067000.0
Algeria,1984,53698548293.0
Benin,1984,1051134009.0
Botswana,1984,1240822167.0
Burkina Faso,1984,1459880132.0
Burundi,1984,987143931.2
Cameroon,1984,7311938026.0
Central African Republic,1984,637820670.3
Chad,1984,919103734.9
Eswatini,1984,494483408.9
Ethiopia,1984,8298309581.0
Gabon,1984,3561451561.0
Ghana,1984,4412279843.0
Kenya,1984,6191437070.0
Lesotho,1984,333163670.3
Liberia,1984,848478300.0
Libya,1984,29476109152.0
Madagascar,1984,3905938481.0
Mauritius,1984,1054564759.0
Morocco,1984,14824667954.0
Niger,1984,1461243326.0
Nigeria,1984,73484359521.0
Rwanda,1984,1587413084.0
Senegal,1984,3485165432.0
Seychelles,1984,160992921.0
Sierra Leone,1984,1087450199.0
Somalia,1984,787434541.7
South Africa,1984,84870163366.0
Sudan,1984,10447615385.0
Tanzania,1984,12906635133.0
Togo,1984,1014170069.0
Uganda,1984,3615647477.0
Zambia,1984,2719801434.0
Zimbabwe,1984,6352125900.0
Algeria,1985,57937868670.0
Benin,1985,1045712789.0
Botswana,1985,1114783343.0
Burkina Faso,1985,1552493196.0
Burundi,1985,1149979286.0
Cameroon,1985,8544810498.0
Central African Republic,1985,864849836.3
Chad,1985,1033069709.0
Eswatini,1985,360079419.4
Ethiopia,1985,9717392687.0
Gabon,1985,3339914757.0
Ghana,1985,4504306723.0
Kenya,1985,6135034214.0
Lesotho,1985,268629925.9
Liberia,1985,851296100.0
Libya,1985,31530566324.0
Madagascar,1985,3802557895.0
Mauritius,1985,1090611325.0
Morocco,1985,14991283216.0
Niger,1985,1440581652.0
Nigeria,1985,73745821158.0
Rwanda,1985,1715626331.0
Senegal,1985,3818944918.0
Seychelles,1985,179691482.7
Sierra Leone,1985,856890498.6
Somalia,1985,875702247.2
South Africa,1985,64459376087.0
Sudan,1985,8075347222.0
Tanzania,1985,15328295175.0
Togo,1985,1076604520.0
Uganda,1985,3519695444.0
Zambia,1985,2252197452.0
Zimbabwe,1985,5637259300.0
Algeria,1986,63692007897.0
Benin,1986,1336102025.0
Botswana,1986,1392602164.0
Burkina Faso,1986,2036303358.0
Burundi,1986,1201725497.0
Cameroon,1986,11857056199.0
Central African Republic,1986,1122265013.0
Chad,1986,1067828246.0
Eswatini,1986,449140318.4
Ethiopia,1986,10094328898.0
Gabon,1986,3403638189.0
Ghana,1986,5735677434.0
Kenya,1986,7239126568.0
Lesotho,1986,318858423.0
Liberia,1986,840964400.0
Libya,1986,24180400961.0
Madagascar,1986,4347989788.0
Mauritius,1986,1482601552.0
Morocco,1986,19462085540.0
Niger,1986,1904096998.0
Nigeria,1986,54805852581.0
Rwanda,1986,1944710684.0
Senegal,1986,5392093446.0
Seychelles,1986,221147061.3
Sierra Leone,1986,490181456.6
Somalia,1986,916590786.3
South Africa,1986,73354771399.0
Sudan,1986,10092200000.0
Tanzania,1986,10840864521.0
Togo,1986,1498219579.0
Uganda,1986,3923244050.0
Zambia,1986,1664509502.0
Zimbabwe,1986,6217523700.0
Algeria,1987,66745818375.0
Benin,1987,1562412228.0
Botswana,1987,1965226890.0
Burkina Faso,1987,2369834950.0
Burundi,1987,1131466494.0
Cameroon,1987,13049659981.0
Central African Republic,1987,1200991978.0
Chad,1987,1163426852.0
Eswatini,1987,584126092.3
Ethiopia,1987,10790001558.0
Gabon,1987,3281797043.0
Ghana,1987,5074829932.0
Kenya,1987,7970820369.0
Lesotho,1987,402768324.5
Liberia,1987,972800000.0
Libya,1987,26697659336.0
Madagascar,1987,3212900556.0
Mauritius,1987,1906174438.0
Morocco,1987,21765195948.0
Niger,1987,2233006105.0
Nigeria,1987,52676041931.0
Rwanda,1987,2157432668.0
Senegal,1987,6487353103.0
Seychelles,1987,265212956.9
Sierra Leone,1987,660106321.4
Somalia,1987,1018972664.0
South Africa,1987,96535763418.0
Sudan,1987,12093333333.0
Tanzania,1987,7824193222.0
Togo,1987,1763978066.0
Uganda,1987,6269522042.0
Zambia,1987,2265364009.0
Zimbabwe,1987,6741215100.0
Algeria,1988,59089396860.0
Benin,1988,1620246084.0
Botswana,1988,2644554159.0
Burkina Faso,1988,2616040479.0
Burundi,1988,1082403219.0
Cameroon,1988,12236057362.0
Central African Republic,1988,1264899288.0
Chad,1988,1482597298.0
Eswatini,1988,692026454.7
Ethiopia,1988,11181119718.0
Gabon,1988,3834503376.0
Ghana,1988,5197765032.0
Kenya,1988,8355380879.0
Lesotho,1988,470395800.6
Liberia,1988,1038300000.0
Libya,1988,24308959592.0
Madagascar,1988,3189456965.0
Mauritius,1988,2163252449.0
Morocco,1988,25705296184.0
Niger,1988,2280356193.0
Nigeria,1988,49648470440.0
Rwanda,1988,2395492687.0
Senegal,1988,6418419389.0
Seychelles,1988,301985618.1
Sierra Leone,1988,1055083945.0
Somalia,1988,1051596967.0
South Africa,1988,103977000000.0
Sudan,1988,14372555556.0
Tanzania,1988,7406614407.0
Togo,1988,1947208354.0
Uganda,1988,6508931652.0
Zambia,1988,3728889427.0
Zimbabwe,1988,7814784100.0
Algeria,1989,55634721573.0
Benin,1989,1502294416.0
Botswana,1989,3083822112.0
Burkina Faso,1989,2615587734.0
Burundi,1989,1113924130.0
Cameroon,1989,11012566195.0
Central African Republic,1989,1233930281.0
Chad,1989,1433686312.0
Eswatini,1989,696921542.4
Ethiopia,1989,11762932007.0
Gabon,1989,4186411464.0
Ghana,1989,5251858440.0
Kenya,1989,8283114514.0
Lesotho,1989,495409232.6
Liberia,1989,786300000.0
Libya,1989,25156707900.0
Madagascar,1989,3175638333.0
Mauritius,1989,2211312823.0
Morocco,1989,26314313191.0
Niger,1989,2179567114.0
Nigeria,1989,44003061108.0
Rwanda,1989,2405022593.0
Senegal,1989,6366039373.0
Seychelles,1989,324333366.5
Sierra Leone,1989,932974411.9
Somalia,1989,1181360844.0
South Africa,1989,108056000000.0
Sudan,1989,21408111111.0
Tanzania,1989,6418799007.0
Togo,1989,1910635575.0
Uganda,1989,5276480799.0
Zambia,1989,3994585203.0
Zimbabwe,1989,8286322700.0
Algeria,1990,62048507531.0
Benin,1990,1959965330.0
Botswana,1990,3790636324.0
Burkina Faso,1990,3101300779.0
Burundi,1990,1132101253.0
Cameroon,1990,12314482628.0
Central African Republic,1990,1440711459.0
Chad,1990,1738605558.0
Eswatini,1990,1114694041.0
Ethiopia,1990,12478943895.0
Gabon,1990,5952293765.0
Ghana,1990,5889106573.0
Kenya,1990,8572359038.0
Lesotho,1990,596410263.7
Liberia,1990,384400000.0
Libya,1990,28904183602.0
Madagascar,1990,3931334875.0
Mauritius,1990,2689212760.0
Morocco,1990,30179954775.0
Niger,1990,3512356508.0
Nigeria,1990,54035795388.0
Rwanda,1990,2550185679.0
Senegal,1990,7390967360.0
Seychelles,1990,392163560.9
Sierra Leone,1990,649644097.6
Somalia,1990,1031282081.0
South Africa,1990,126048000000.0
Sudan,1990,33641222222.0
Tanzania,1990,6184384225.0
Togo,1990,2299665506.0
Uganda,1990,4304399310.0
Zambia,1990,3285217391.0
Zimbabwe,1990,8783816700.0
Algeria,1991,45715676428.0
Benin,1991,1986437797.0
Botswana,1991,3942876703.0
Burkina Faso,1991,3135045584.0
Burundi,1991,1167398478.0
Cameroon,1991,11840192296.0
Central African Republic,1991,1377374987.0
Chad,1991,1877137982.0
Eswatini,1991,1156135718.0
Ethiopia,1991,13799799324.0
Gabon,1991,5402919785.0
Ghana,1991,6603185268.0
Kenya,1991,8151488783.0
Lesotho,1991,704325366.7
Liberia,1991,348000000.0
Libya,1991,31991821265.0
Madagascar,1991,3254713056.0
Mauritius,1991,2895354736.0
Morocco,1991,32285573574.0
Niger,1991,3285796875.0
Nigeria,1991,59526833412.0
Rwanda,1991,1911600237.0
Senegal,1991,7255210470.0
Seychelles,1991,398307169.9
Sierra Leone,1991,780098205.2
Somalia,1991,717974929.8
South Africa,1991,135204000000.0
Sudan,1991,44168918919.0
Tanzania,1991,7197768159.0
Togo,1991,2262767860.0
Uganda,1991,3321729160.0
Zambia,1991,3376791460.0
Zimbabwe,1991,8641481700.0
Algeria,1992,48003133347.0
Benin,1992,1695315306.0
Botswana,1992,4146464587.0
Burkina Faso,1992,3356692505.0
Burundi,1992,1083037671.0
Cameroon,1992,12071775335.0
Central African Republic,1992,1411917553.0
Chad,1992,1881847670.0
Eswatini,1992,1284759928.0
Ethiopia,1992,10754799037.0
Gabon,1992,5592390827.0
Ghana,1992,6416103926.0
Kenya,1992,8209120763.0
Lesotho,1992,831029861.7
Liberia,1992,223500000.0
Libya,1992,33887047909.0
Madagascar,1992,3714966678.0
Mauritius,1992,3267677814.0
Morocco,1992,33711069431.0
Niger,1992,3386232579.0
Nigeria,1992,52058181854.0
Rwanda,1992,2029026962.0
Senegal,1992,7769817840.0
Seychelles,1992,461409398.9
Sierra Leone,1992,679997997.6
Somalia,1992,709297578.5
South Africa,1992,146956000000.0
Sudan,1992,7031909434.0
Tanzania,1992,6681997469.0
Togo,1992,2390796916.0
Uganda,1992,2857457762.0
Zambia,1992,3181921788.0
Zimbabwe,1992,6751472200.0
Algeria,1993,49945584453.0
Benin,1993,2274558083.0
Botswana,1993,4160129175.0
Burkina Faso,1993,3199536465.0
Burundi,1993,938632612.0
Cameroon,1993,16181814713.0
Central African Republic,1993,1278781262.0
Chad,1993,1463251164.0
Eswatini,1993,1357189552.0
Ethiopia,1993,9051043870.0
Gabon,1993,4378645081.0
Ghana,1993,5968922939.0
Kenya,1993,5751786643.0
Lesotho,1993,835582062.5
Liberia,1993,160400000.0
Libya,1993,30660051911.0
Madagascar,1993,4063298919.0
Mauritius,1993,3307302126.0
Morocco,1993,31655473664.0
Niger,1993,3052673849.0
Nigeria,1993,56721051402.0
Rwanda,1993,1971525712.0
Senegal,1993,7367986241.0
Seychelles,1993,504230620.6
Sierra Leone,1993,768812334.8
Somalia,1993,1260132956.0
South Africa,1993,147195000000.0
Sudan,1993,8881005436.0
Tanzania,1993,6182872708.0
Togo,1993,1741944426.0
Uganda,1993,3220439044.0
Zambia,1993,3273505344.0
Zimbabwe,1993,6563813300.0
Algeria,1994,42543176829.0
Benin,1994,1598075944.0
Botswana,1994,4259259604.0
Burkina Faso,1994,1895290637.0
Burundi,1994,925030590.2
Cameroon,1994,8902446252.0
Central African Republic,1994,851174356.8
Chad,1994,1179837963.0
Eswatini,1994,1419294254.0
Ethiopia,1994,7100806754.0
Gabon,1994,4190819344.0
Ghana,1994,5446383727.0
Kenya,1994,7148148564.0
Lesotho,1994,878250945.3
Liberia,1994,132200000.0
Libya,1994,28610549763.0
Madagascar,1994,3522227092.0
Mauritius,1994,3606050873.0
Morocco,1994,35604137423.0
Niger,1994,1938058175.0
Nigeria,1994,80399613064.0
Rwanda,1994,753636370.5
Senegal,1994,5034588196.0
Seychelles,1994,517570058.2
Sierra Leone,1994,911915970.7
Somalia,1994,1481205098.0
South Africa,1994,153513000000.0
Sudan,1994,12793794737.0
Tanzania,1994,6550480484.0
Togo,1994,1387662121.0
Uganda,1994,3990430447.0
Zambia,1994,3656806166.0
Zimbabwe,1994,6890675000.0
Algeria,1995,41764291672.0
Benin,1995,2169627138.0
Botswana,1995,4730599122.0
Burkina Faso,1995,2379517975.0
Burundi,1995,1000428394.0
Cameroon,1995,10864772471.0
Central African Republic,1995,1115389674.0
Chad,1995,1445919895.0
Eswatini,1995,1698989464.0
Ethiopia,1995,7855205207.0
Gabon,1995,4958845648.0
Ghana,1995,6464382808.0
Kenya,1995,9046320255.0
Lesotho,1995,1001894000.0
Liberia,1995,134800000.0
Libya,1995,25541379187.0
Madagascar,1995,3838100904.0
Mauritius,1995,4094741652.0
Morocco,1995,39030285468.0
Niger,1995,2302537562.0
Nigeria,1995,140920000000.0
Rwanda,1995,1293535193.0
Senegal,1995,6326342633.0
Seychelles,1995,540733047.7
Sierra Leone,1995,870758739.4
Somalia,1995,1534756135.0
South Africa,1995,171736000000.0
Sudan,1995,13830363900.0
Tanzania,1995,7631431840.0
Togo,1995,1849110468.0
Uganda,1995,5755818842.0
Zambia,1995,3806983413.0
Zimbabwe,1995,7111270700.0
Algeria,1996,46941554225.0
Benin,1996,2361116449.0
Botswana,1996,4847757218.0
Burkina Faso,1996,2586550595.0
Burundi,1996,869033856.3
Cameroon,1996,11093538846.0
Central African Republic,1996,1007791127.0
Chad,1996,1607345356.0
Eswatini,1996,1602741834.0
Ethiopia,1996,8761215548.0
Gabon,1996,5694040003.0
Ghana,1996,6932991739.0
Kenya,1996,12045865396.0
Lesotho,1996,946112492.8
Liberia,1996,159400000.0
Libya,1996,27884615385.0
Madagascar,1996,4931861039.0
Mauritius,1996,4481489762.0
Morocco,1996,43161571528.0
Niger,1996,2405686940.0
Nigeria,1996,185730000000.0
Rwanda,1996,1382334879.0
Senegal,1996,6559712166.0
Seychelles,1996,535250347.1
Sierra Leone,1996,941742152.7
Somalia,1996,1792234297.0
South Africa,1996,163235000000.0
Sudan,1996,9018300725.0
Tanzania,1996,9433528150.0
Togo,1996,2069506015.0
Uganda,1996,6044585327.0
Zambia,1996,3597220962.0
Zimbabwe,1996,8553146600.0
Algeria,1997,48177612042.0
Benin,1997,2268301646.0
Botswana,1997,5020265627.0
Burkina Faso,1997,2447669102.0
Burundi,1997,972896267.9
Cameroon,1997,10789458433.0
Central African Republic,1997,937741513.0
Chad,1997,1544689577.0
Eswatini,1997,1716714070.0
Ethiopia,1997,8803539988.0
Gabon,1997,5326817115.0
Ghana,1997,6891443192.0
Kenya,1997,13115764358.0
Lesotho,1997,998004258.7
Liberia,1997,295900000.0
Libya,1997,30700897875.0
Madagascar,1997,4262965420.0
Mauritius,1997,4243755308.0
Morocco,1997,39147844526.0
Niger,1997,2290318910.0
Nigeria,1997,200850000000.0
Rwanda,1997,1851558197.0
Senegal,1997,6041478726.0
Seychelles,1997,598966982.4
Sierra Leone,1997,850218033.6
Somalia,1997,2191749014.0
South Africa,1997,168978000000.0
Sudan,1997,11681175864.0
Tanzania,1997,11158197942.0
Togo,1997,2116818623.0
Uganda,1997,6269333313.0
Zambia,1997,4303288480.0
Zimbabwe,1997,8529571600.0
Algeria,1998,48187781984.0
Benin,1998,2455092686.0
Botswana,1998,4790481509.0
Burkina Faso,1998,2804902367.0
Burundi,1998,893770740.2
Cameroon,1998,11298144990.0
Central African Republic,1998,967338389.7
Chad,1998,1744794531.0
Eswatini,1998,1576908856.0
Ethiopia,1998,8013274132.0
Gabon,1998,4483417310.0
Ghana,1998,7482069162.0
Kenya,1998,14093998844.0
Lesotho,1998,928460893.1
Liberia,1998,359600000.0
Libya,1998,27251301398.0
Madagascar,1998,4401967633.0
Mauritius,1998,4225813976.0
Morocco,1998,46497608725.0
Niger,1998,2643363519.0
Nigeria,1998,218416000000.0
Rwanda,1998,1989343546.0
Senegal,1998,6505607909.0
Seychelles,1998,647287375.8
Sierra Leone,1998,672375927.3
Somalia,1998,2962047564.0
South Africa,1998,152983000000.0
Sudan,1998,11250221537.0
Tanzania,1998,12172790056.0
Togo,1998,2241650112.0
Uganda,1998,6584815847.0
Zambia,1998,3537741942.0
Zimbabwe,1998,6401968200.0
Algeria,1999,48640671735.0
Benin,1999,3677393999.0
Botswana,1999,5484263347.0
Burkina Faso,1999,3389566713.0
Burundi,1999,808077223.4
Cameroon,1999,11565826459.0
Central African Republic,1999,999477510.7
Chad,1999,1534673583.0
Eswatini,1999,1547888496.0
Ethiopia,1999,7892973532.0
Gabon,1999,4662992036.0
Ghana,1999,7718109982.0
Kenya,1999,12896010459.0
Lesotho,1999,912773681.1
Liberia,1999,441800000.0
Libya,1999,35975860857.0
Madagascar,1999,4277903780.0
Mauritius,1999,4402193195.0
Morocco,1999,46266428648.0
Niger,1999,2537789821.0
Nigeria,1999,59145077039.0
Rwanda,1999,2157108767.0
Senegal,1999,6592834933.0
Seychelles,1999,662838614.9
Sierra Leone,1999,669384768.9
Somalia,1999,3045751528.0
South Africa,1999,151517000000.0
Sudan,1999,10682028340.0
Tanzania,1999,12704334196.0
Togo,1999,2226577204.0
Uganda,1999,5998563258.0
Zambia,1999,3404284891.0
Zimbabwe,1999,6858013100.0
Algeria,2000,54790398570.0
Benin,2000,3519991440.0
Botswana,2000,5788329609.0
Burkina Faso,2000,2968370088.0
Burundi,2000,870486065.9
Cameroon,2000,10566579295.0
Central African Republic,2000,916777282.7
Chad,2000,1388506772.0
Eswatini,2000,1738093840.0
Ethiopia,2000,8242349618.0
Gabon,2000,5080483629.0
Ghana,2000,4982850662.0
Kenya,2000,12705350098.0
Lesotho,2000,887291687.9
Liberia,2000,874000000.0
Libya,2000,38270954138.0
Madagascar,2000,4629247204.0
Mauritius,2000,4726108622.0
Morocco,2000,43017455402.0
Niger,2000,2241753193.0
Nigeria,2000,69171451627.0
Rwanda,2000,2068837212.0
Senegal,2000,6013185004.0
Seychelles,2000,654212394.3
Sierra Leone,2000,635874002.2
Somalia,2000,3412797450.0
South Africa,2000,151753000000.0
Sudan,2000,12257299147.0
Tanzania,2000,13371767082.0
Togo,2000,2106848752.0
Uganda,2000,6193246837.0
Zambia,2000,3600632111.0
Zimbabwe,2000,6689957600.0
Algeria,2001,59413400924.0
Benin,2001,3666222635.0
Botswana,2001,5489608300.0
Burkina Faso,2001,3190371081.0
Burundi,2001,876794723.1
Cameroon,2001,10953485345.0
Central African Republic,2001,932648604.8
Chad,2001,1710843377.0
Eswatini,2001,1542477309.0
Ethiopia,2001,8231326016.0
Gabon,2001,5023265413.0
Ghana,2001,5314872854.0
Kenya,2001,12986007426.0
Lesotho,2001,825706961.2
Liberia,2001,906000000.0
Libya,2001,34112093927.0
Madagascar,2001,5438332602.0
Mauritius,2001,4675755867.0
Morocco,2001,43831480208.0
Niger,2001,2448714704.0
Nigeria,2001,73557840064.0
Rwanda,2001,1966600292.0
Senegal,2001,6507824829.0
Seychelles,2001,662064155.9
Sierra Leone,2001,1074851475.0
Somalia,2001,2252847465.0
South Africa,2001,135430000000.0
Sudan,2001,15716361792.0
Tanzania,2001,13563990022.0
Togo,2001,2093498674.0
Uganda,2001,5840503869.0
Zambia,2001,4094441301.0
Zimbabwe,2001,6777384700.0
Algeria,2002,61516103406.0
Benin,2002,4194342686.0
Botswana,2002,5438863983.0
Burkina Faso,2002,3622350063.0
Burundi,2002,825394519.4
Cameroon,2002,12417251342.0
Central African Republic,2002,996068144.9
Chad,2002,1997005709.0
Eswatini,2002,1432221739.0
Ethiopia,2002,7850809498.0
Gabon,2002,5335451100.0
Ghana,2002,6166197848.0
Kenya,2002,13147736899.0
Lesotho,2002,775777238.6
Liberia,2002,927000000.0
Libya,2002,20481889764.0
Madagascar,2002,5351701663.0
Mauritius,2002,4906494249.0
Morocco,2002,47077192188.0
Niger,2002,2782192879.0
Nigeria,2002,95054059303.0
Rwanda,2002,1966004243.0
Senegal,2002,7006402320.0
Seychelles,2002,742134837.5
Sierra Leone,2002,1236235827.0
Somalia,2002,2192684135.0
South Africa,2002,129088000000.0
Sudan,2002,18137128388.0
Tanzania,2002,14129651896.0
Togo,2002,2410199032.0
Uganda,2002,6178563591.0
Zambia,2002,4193850445.0
Zimbabwe,2002,6342116400.0
Algeria,2003,73482264191.0
Benin,2003,5349258094.0
Botswana,2003,7511582173.0
Burkina Faso,2003,4740768143.0
Burundi,2003,784654423.6
Cameroon,2003,15970315030.0
Central African Republic,2003,1142315523.0
Chad,2003,2742815072.0
Eswatini,2003,2197598466.0
Ethiopia,2003,8623691300.0
Gabon,2003,6511903365.0
Ghana,2003,7632723556.0
Kenya,2003,14904517650.0
Lesotho,2003,1157825435.0
Liberia,2003,748000000.0
Libya,2003,26265625000.0
Madagascar,2003,6372498890.0
Mauritius,2003,5894873920.0
Morocco,2003,58029363354.0
Niger,2003,3394084732.0
Nigeria,2003,104739000000.0
Rwanda,2003,2138237346.0
Senegal,2003,8768721563.0
Seychelles,2003,750847230.1
Sierra Leone,2003,1369685677.0
Somalia,2003,2836724352.0
South Africa,2003,197019000000.0
Sudan,2003,21355298460.0
Tanzania,2003,15211487709.0
Togo,2003,2987984051.0
Uganda,2003,6606884275.0
Zambia,2003,4901869764.0
Zimbabwe,2003,5727591800.0
Algeria,2004,91913680985.0
Benin,2004,6190270380.0
Botswana,2004,8957467707.0
Burkina Faso,2004,5451688538.0
Burundi,2004,915257323.4
Cameroon,2004,18826214125.0
Central African Republic,2004,1272360517.0
Chad,2004,4422855661.0
Eswatini,2004,2770082792.0
Ethiopia,2004,10131187261.0
Gabon,2004,7770219008.0
Ghana,2004,8881417907.0
Kenya,2004,16095337094.0
Lesotho,2004,1511236656.0
Liberia,2004,897000000.0
Libya,2004,33122307692.0
Madagascar,2004,5064732626.0
Mauritius,2004,6667418752.0
Morocco,2004,66114145451.0
Niger,2004,3760443738.0
Nigeria,2004,135765000000.0
Rwanda,2004,2376495587.0
Senegal,2004,10076816667.0
Seychelles,2004,893012218.2
Sierra Leone,2004,1430217081.0
Somalia,2004,3859592813.0
South Africa,2004,255807000000.0
Sudan,2004,26646007251.0
Tanzania,2004,16673062473.0
Togo,2004,3191561509.0
Uganda,2004,7939487548.0
Zambia,2004,6221110219.0
Zimbabwe,2004,5805598400.0
Algeria,2005,107047000000.0
Benin,2005,6567654954.0
Botswana,2005,9918907108.0
Burkina Faso,2005,6146353173.0
Burundi,2005,1117113080.0
Cameroon,2005,19509852220.0
Central African Republic,2005,1337894379.0
Chad,2005,6649307524.0
Eswatini,2005,3178112499.0
Ethiopia,2005,12401139454.0
Gabon,2005,9582783991.0
Ghana,2005,10744568381.0
Kenya,2005,18737895513.0
Lesotho,2005,1682343527.0
Liberia,2005,949000000.0
Libya,2005,47334691241.0
Madagascar,2005,5859269753.0
Mauritius,2005,6576108447.0
Morocco,2005,68852658069.0
Niger,2005,4383315965.0
Nigeria,2005,175671000000.0
Rwanda,2005,2933819820.0
Senegal,2005,11009033438.0
Seychelles,2005,977899381.8
Sierra Leone,2005,1627058425.0
Somalia,2005,4683246454.0
South Africa,2005,288867000000.0
Sudan,2005,35182711988.0
Tanzania,2005,18395383647.0
Togo,2005,3221910408.0
Uganda,2005,9239221763.0
Zambia,2005,8331870169.0
Zimbabwe,2005,5755215200.0
Algeria,2006,123084000000.0
Benin,2006,7034111315.0
Botswana,2006,9919158482.0
Burkina Faso,2006,6547419820.0
Burundi,2006,1273375078.0
Cameroon,2006,20910512979.0
Central African Republic,2006,1461859762.0
Chad,2006,7428701454.0
Eswatini,2006,3291330019.0
Ethiopia,2006,15280861835.0
Gabon,2006,10327598306.0
Ghana,2006,20885037597.0
Kenya,2006,25825512284.0
Lesotho,2006,1800092564.0
Liberia,2006,1119000000.0
Libya,2006,60094231607.0
Madagascar,2006,6395712491.0
Mauritius,2006,7028810681.0
Morocco,2006,75883823301.0
Niger,2006,4756361252.0
Nigeria,2006,238455000000.0
Rwanda,2006,3319783952.0
Senegal,2006,11697918243.0
Seychelles,2006,1081441283.0
Sierra Leone,2006,1862116291.0
Somalia,2006,5026743282.0
South Africa,2006,303859000000.0
Sudan,2006,45263831634.0
Tanzania,2006,18619859795.0
Togo,2006,3320907722.0
Uganda,2006,9977647683.0
Zambia,2006,12756858899.0
Zimbabwe,2006,5443896500.0
Algeria,2007,142483000000.0
Benin,2007,8169048383.0
Botswana,2007,10567270656.0
Burkina Faso,2007,7625722837.0
Burundi,2007,1356199387.0
Cameroon,2007,23928250409.0
Central African Republic,2007,1699811295.0
Chad,2007,8650137743.0
Eswatini,2007,3469381231.0
Ethiopia,2007,19707616773.0
Gabon,2007,12455409587.0
Ghana,2007,24827339138.0
Kenya,2007,31958195182.0
Lesotho,2007,1682131785.0
Liberia,2007,1373000000.0
Libya,2007,68032978391.0
Madagascar,2007,8524620890.0
Mauritius,2007,8150150209.0
Morocco,2007,86947913287.0
Niger,2007,5731485052.0
Nigeria,2007,278261000000.0
Rwanda,2007,4070508543.0
Senegal,2007,13994218413.0
Seychelles,2007,1077308814.0
Sierra Leone,2007,2126679544.0
Somalia,2007,5430713729.0
South Africa,2007,333077000000.0
Sudan,2007,59440139775.0
Tanzania,2007,21860434823.0
Togo,2007,3759964943.0
Uganda,2007,11902564495.0
Zambia,2007,14056957976.0
Zimbabwe,2007,5291950100.0
Algeria,2008,180384000000.0
Benin,2008,9787734526.0
Botswana,2008,10730829116.0
Burkina Faso,2008,9451435490.0
Burundi,2008,1611835857.0
Cameroon,2008,27715142006.0
Central African Republic,2008,1993407888.0
Chad,2008,10393833765.0
Eswatini,2008,3294084314.0
Ethiopia,2008,27066912635.0
Gabon,2008,15571348344.0
Ghana,2008,28679383241.0
Kenya,2008,35895153328.0
Lesotho,2008,1766902709.0
Liberia,2008,1726000000.0
Libya,2008,86710767415.0
Madagascar,2008,10725137724.0
Mauritius,2008,9990356674.0
Morocco,2008,101823000000.0
Niger,2008,7297600226.0
Nigeria,2008,339476000000.0
Rwanda,2008,5179853221.0
Senegal,2008,16853989628.0
Seychelles,2008,979597394.3
Sierra Leone,2008,2451896435.0
Somalia,2008,5913620293.0
South Africa,2008,316131000000.0
Sudan,2008,64833083257.0
Tanzania,2008,27947821398.0
Togo,2008,4578849658.0
Uganda,2008,14440404132.0
Zambia,2008,17910858638.0
Zimbabwe,2008,4415702800.0
Algeria,2009,150317000000.0
Benin,2009,9738626517.0
Botswana,2009,10118459242.0
Burkina Faso,2009,9450696873.0
Burundi,2009,1781455140.0
Cameroon,2009,27932970297.0
Central African Republic,2009,2067381665.0
Chad,2009,9290728319.0
Eswatini,2009,3580428053.0
Ethiopia,2009,32437389116.0
Gabon,2009,12113699068.0
Ghana,2009,26048720006.0
Kenya,2009,42347217913.0
Lesotho,2009,1740894965.0
Liberia,2009,1768000000.0
Libya,2009,60808562033.0
Madagascar,2009,9616879409.0
Mauritius,2009,9128843109.0
Morocco,2009,101155000000.0
Niger,2009,7352131310.0
Nigeria,2009,295009000000.0
Rwanda,2009,5674476707.0
Senegal,2009,16145867495.0
Seychelles,2009,850901620.4
Sierra Leone,2009,2419014960.0
Somalia,2009,2948594552.0
South Africa,2009,329754000000.0
Sudan,2009,51621044077.0
Tanzania,2009,29400573554.0
Togo,2009,4721890900.0
Uganda,2009,25127805567.0
Zambia,2009,15328342304.0
Zimbabwe,2009,9665793300.0
Algeria,2010,177785000000.0
Benin,2010,9535345016.0
Botswana,2010,12637273429.0
Burkina Faso,2010,10109619741.0
Burundi,2010,2032135192.0
Cameroon,2010,27507501809.0
Central African Republic,2010,2142591540.0
Chad,2010,10668103554.0
Eswatini,2010,4438765086.0
Ethiopia,2010,29933790334.0
Gabon,2010,14372593020.0
Ghana,2010,32197655567.0
Kenya,2010,45405615064.0
Lesotho,2010,2234754242.0
Liberia,2010,1998000000.0
Libya,2010,75380825062.0
Madagascar,2010,9982711338.0
Mauritius,2010,10003670690.0
Morocco,2010,100865000000.0
Niger,2010,7851192502.0
Nigeria,2010,366990000000.0
Rwanda,2010,6124756894.0
Senegal,2010,16121315909.0
Seychelles,2010,981616542.3
Sierra Leone,2010,2578159804.0
Somalia,2010,2687807004.0
South Africa,2010,417364000000.0
Sudan,2010,58962978034.0
Tanzania,2010,32012892919.0
Togo,2010,4746389532.0
Uganda,2010,26673441431.0
Zambia,2010,20265559484.0
Zimbabwe,2010,12041655200.0
Algeria,2011,218332000000.0
Benin,2011,10693321364.0
Botswana,2011,15110643612.0
Burkina Faso,2011,12080295978.0
Burundi,2011,2235820809.0
Cameroon,2011,30630910513.0
Central African Republic,2011,2437982705.0
Chad,2011,12172308851.0
Eswatini,2011,4820478680.0
Ethiopia,2011,31952763089.0
Gabon,2011,18210307744.0
Ghana,2011,39336668081.0
Kenya,2011,46869473151.0
Lesotho,2011,2579409620.0
Liberia,2011,2398000000.0
Libya,2011,48169263294.0
Madagascar,2011,11551819618.0
Mauritius,2011,11518413430.0
Morocco,2011,110081000000.0
Niger,2011,8772950778.0
Nigeria,2011,414467000000.0
Rwanda,2011,6884912957.0
Senegal,2011,17814283639.0
Seychelles,2011,1058918707.0
Sierra Leone,2011,2932274309.0
Somalia,2011,2906000097.0
South Africa,2011,458199000000.0
Sudan,2011,55018567211.0
Tanzania,2011,34657140096.0
Togo,2011,5422442166.0
Uganda,2011,27871725241.0
Zambia,2011,23459515276.0
Zimbabwe,2011,14101920300.0
Algeria,2012,227144000000.0
Benin,2012,11141358116.0
Botswana,2012,13907464500.0
Burkina Faso,2012,12561015157.0
Burundi,2012,2333341334.0
Cameroon,2012,30155062302.0
Central African Republic,2012,2510126512.0
Chad,2012,12367362757.0
Eswatini,2012,4886551484.0
Ethiopia,2012,43310721414.0
Gabon,2012,17170464016.0
Ghana,2012,41271701061.0
Kenya,2012,56396704672.0
Lesotho,2012,2477702216.0
Liberia,2012,2791614000.0
Libya,2012,92540938129.0
Madagascar,2012,11578975062.0
Mauritius,2012,11668696397.0
Morocco,2012,106937000000.0
Niger,2012,9426912648.0
Nigeria,2012,463971000000.0
Rwanda,2012,7654762345.0
Senegal,2012,17660870412.0
Seychelles,2012,1089407839.0
Sierra Leone,2012,3789251613.0
Somalia,2012,4041702389.0
South Africa,2012,434401000000.0
Sudan,2012,37632919967.0
Tanzania,2012,39650394363.0
Togo,2012,5413544659.0
Uganda,2012,27305915911.0
Zambia,2012,25503060420.0
Zimbabwe,2012,17114849900.0
Algeria,2013,229701000000.0
Benin,2013,12517845124.0
Botswana,2013,14271738933.0
Burkina Faso,2013,13444300486.0
Burundi,2013,2451606632.0
Cameroon,2013,33728621190.0
Central African Republic,2013,1691544110.0
Chad,2013,12953534866.0
Eswatini,2013,4597552982.0
Ethiopia,2013,47648276605.0
Gabon,2013,17595744798.0
Ghana,2013,62824629066.0
Kenya,2013,61671440408.0
Lesotho,2013,2367112932.0
Liberia,2013,3177198100.0
Libya,2013,75351107029.0
Madagascar,2013,12423555455.0
Mauritius,2013,12292974141.0
Morocco,2013,115739000000.0
Niger,2013,10224897438.0
Nigeria,2013,520117000000.0
Rwanda,2013,7819963627.0
Senegal,2013,18918667725.0
Seychelles,2013,1333160407.0
Sierra Leone,2013,4920343317.0
Somalia,2013,5836021227.0
South Africa,2013,400886000000.0
Sudan,2013,43024018082.0
Tanzania,2013,45648857242.0
Togo,2013,6021732977.0
Uganda,2013,28915786517.0
Zambia,2013,28037239463.0
Zimbabwe,2013,19091020000.0
Algeria,2014,238943000000.0
Benin,2014,13284527847.0
Botswana,2014,15470088501.0
Burkina Faso,2014,13943016077.0
Burundi,2014,2705783330.0
Cameroon,2014,36386544715.0
Central African Republic,2014,1894813389.0
Chad,2014,13940767219.0
Eswatini,2014,4422986272.0
Ethiopia,2014,55612228234.0
Gabon,2014,18203966896.0
Ghana,2014,54783319817.0
Kenya,2014,68285796514.0
Lesotho,2014,2441063054.0
Liberia,2014,3225652000.0
Libya,2014,57372355592.0
Madagascar,2014,12522957399.0
Mauritius,2014,13074129952.0
Morocco,2014,119131000000.0
Niger,2014,10862943544.0
Nigeria,2014,574184000000.0
Rwanda,2014,8238966247.0
Senegal,2014,19797253440.0
Seychelles,2014,1387577870.0
Sierra Leone,2014,5015180725.0
Somalia,2014,6537360533.0
South Africa,2014,381199000000.0
Sudan,2014,49516748618.0
Tanzania,2014,49986726461.0
Togo,2014,6393318262.0
Uganda,2014,32612397257.0
Zambia,2014,27141023558.0
Zimbabwe,2014,19495519600.0
Algeria,2015,187494000000.0
Benin,2015,11388160997.0
Botswana,2015,13530748845.0
Burkina Faso,2015,11832159316.0
Burundi,2015,3104003546.0
Cameroon,2015,32210233021.0
Central African Republic,2015,1695825714.0
Chad,2015,10950392257.0
Eswatini,2015,4063245671.0
Ethiopia,2015,64589328551.0
Gabon,2015,14383107763.0
Ghana,2015,49406010054.0
Kenya,2015,70120446897.0
Lesotho,2015,2359686725.0
Liberia,2015,3227075700.0
Libya,2015,48717501321.0
Madagascar,2015,11323020701.0
Mauritius,2015,12007291046.0
Morocco,2015,110414000000.0
Niger,2015,9683867926.0
Nigeria,2015,493027000000.0
Rwanda,2015,8543759089.0
Senegal,2015,17774766696.0
Seychelles,2015,1432403352.0
Sierra Leone,2015,4252029354.0
Somalia,2015,6984947145.0
South Africa,2015,346710000000.0
Sudan,2015,51726758677.0
Tanzania,2015,47413919817.0
Togo,2015,5755461035.0
Uganda,2015,32387183730.0
Zambia,2015,21251216799.0
Zimbabwe,2015,19963120600.0
Algeria,2016,180764000000.0
Benin,2016,11821065853.0
Botswana,2016,15082637184.0
Burkina Faso,2016,12833363045.0
Burundi,2016,2644487777.0
Cameroon,2016,33814337041.0
Central African Republic,2016,1825018145.0
Chad,2016,10097778098.0
Eswatini,2016,3816019193.0
Ethiopia,2016,74296745208.0
Gabon,2016,14023890265.0
Ghana,2016,56164929305.0
Kenya,2016,74815144164.0
Lesotho,2016,2114426454.0
Liberia,2016,3398419600.0
Libya,2016,49912073701.0
Madagascar,2016,11848613858.0
Mauritius,2016,12594155464.0
Morocco,2016,111573000000.0
Niger,2016,10398861982.0
Nigeria,2016,404649000000.0
Rwanda,2016,8695272095.0
Senegal,2016,19040312333.0
Seychelles,2016,1568513348.0
Sierra Leone,2016,3862721266.0
Somalia,2016,7390796617.0
South Africa,2016,323586000000.0
Sudan,2016,42630376000.0
Tanzania,2016,49774409374.0
Togo,2016,6071170959.0
Uganda,2016,29203988696.0
Zambia,2016,20958412538.0
Zimbabwe,2016,20548678100.0
Algeria,2017,189881000000.0
Benin,2017,12701655837.0
Botswana,2017,16105155857.0
Burkina Faso,2017,14106955615.0
Burundi,2017,2723586963.0
Cameroon,2017,36098547059.0
Central African Republic,2017,2072349973.0
Chad,2017,10000394381.0
Eswatini,2017,4402969226.0
Ethiopia,2017,81770886826.0
Gabon,2017,14929487485.0
Ghana,2017,60405924079.0
Kenya,2017,82036510877.0
Lesotho,2017,2306741674.0
Liberia,2017,3390703400.0
Libya,2017,67157452182.0
Madagascar,2017,13176313594.0
Mauritius,2017,13713506131.0
Morocco,2017,118541000000.0
Niger,2017,11185104252.0
Nigeria,2017,375746000000.0
Rwanda,2017,9252834120.0
Senegal,2017,20996562944.0
Seychelles,2017,1675370641.0
Sierra Leone,2017,3719443418.0
Somalia,2017,8252394373.0
South Africa,2017,381449000000.0
Sudan,2017,41283617976.0
Tanzania,2017,53274884533.0
Togo,2017,6387422518.0
Uganda,2017,30744473841.0
Zambia,2017,25873601261.0
Zimbabwe,2017,17584890937.0
Algeria,2018,194554000000.0
Benin,2018,14262408090.0
Botswana,2018,17031943186.0
Burkina Faso,2018,15890066221.0
Burundi,2018,2667182200.0
Cameroon,2018,39955552190.0
Central African Republic,2018,2220979146.0
Chad,2018,11239167898.0
Eswatini,2018,4666598024.0
Ethiopia,2018,84269196626.0
Gabon,2018,16867326390.0
Ghana,2018,67298914624.0
Kenya,2018,92202979985.0
Lesotho,2018,2556247292.0
Liberia,2018,3422754800.0
Libya,2018,76686029772.0
Madagascar,2018,13760033282.0
Mauritius,2018,14735695931.0
Morocco,2018,127341000000.0
Niger,2018,12837307497.0
Nigeria,2018,421739000000.0
Rwanda,2018,9637904553.0
Senegal,2018,23116701556.0
Seychelles,2018,1784313927.0
Sierra Leone,2018,4085114388.0
Somalia,2018,8278212314.0
South Africa,2018,405261000000.0
Sudan,2018,32333780383.0
Tanzania,2018,57003712892.0
Togo,2018,7029300383.0
Uganda,2018,32927025620.0
Zambia,2018,26311507274.0
Zimbabwe,2018,34156069918.0
Algeria,2019,193460000000.0
Benin,2019,14390708751.0
Botswana,2019,16725908149.0
Burkina Faso,2019,16032813502.0
Burundi,2019,2576518880.0
Cameroon,2019,39667757528.0
Central African Republic,2019,2221301351.0
Chad,2019,11314951092.0
Eswatini,2019,4495267266.0
Ethiopia,2019,95912607722.0
Gabon,2019,16874405460.0
Ghana,2019,68337969248.0
Kenya,2019,100378000000.0
Lesotho,2019,2390702296.0
Liberia,2019,3319596500.0
Libya,2019,72081962263.0
Madagascar,2019,14104664679.0
Mauritius,2019,14436346980.0
Morocco,2019,128920000000.0
Niger,2019,12889555561.0
Nigeria,2019,474517000000.0
Rwanda,2019,10349299856.0
Senegal,2019,23403995992.0
Seychelles,2019,1868690097.0
Sierra Leone,2019,4076578699.0
Somalia,2019,9420431258.0
South Africa,2019,389330000000.0
Sudan,2019,32338079165.0
Tanzania,2019,61026731926.0
Togo,2019,6992700101.0
Uganda,2019,35348155095.0
Zambia,2019,23308667781.0
Zimbabwe,2019,21832234926.0
Algeria,2020,164873000000.0
Benin,2020,15686741884.0
Botswana,2020,14960291106.0
Burkina Faso,2020,17725010531.0
Burundi,2020,2649680261.0
Cameroon,2020,40773241177.0
Central African Republic,2020,2326720900.0
Chad,2020,10715396042.0
Eswatini,2020,3982236694.0
Ethiopia,2020,107658000000.0
Gabon,2020,15314577168.0
Ghana,2020,70043095504.0
Kenya,2020,100658000000.0
Lesotho,2020,2053338465.0
Liberia,2020,3176126340.0
Libya,2020,65688454972.0
Madagascar,2020,13051441204.0
Mauritius,2020,11408106446.0
Morocco,2020,121354000000.0
Niger,2020,13744653103.0
Nigeria,2020,432199000000.0
Rwanda,2020,10174387614.0
Senegal,2020,24530513038.0
Seychelles,2020,1382551752.0
Sierra Leone,2020,4062906266.0
Somalia,2020,9204140383.0
South Africa,2020,338291000000.0
Sudan,2020,27034593750.0
Tanzania,2020,66068737786.0
Togo,2020,7400284168.0
Uganda,2020,37600368240.0
Zambia,2020,18137764931.0
Zimbabwe,2020,21509698406.0
Algeria,2021,186265000000.0
Benin,2021,17687623530.0
Botswana,2021,18750946600.0
Burkina Faso,2021,19643166854.0
Burundi,2021,2775798697.0
Cameroon,2021,44993521774.0
Central African Republic,2021,2516498412.0
Chad,2021,11779981332.0
Eswatini,2021,4850842541.0
Ethiopia,2021,111262000000.0
Gabon,2021,20217946921.0
Ghana,2021,79524421861.0
Kenya,2021,109704000000.0
Lesotho,2021,2406780519.0
Liberia,2021,3513049520.0
Libya,2021,47786789104.0
Madagascar,2021,14554754117.0
Mauritius,2021,11484348766.0
Morocco,2021,141818000000.0
Niger,2021,14915002436.0
Nigeria,2021,440839000000.0
Rwanda,2021,11069280277.0
Senegal,2021,27520784130.0
Seychelles,2021,1487173795.0
Sierra Leone,2021,4249234704.0
Somalia,2021,9838711529.0
South Africa,2021,420118000000.0
Sudan,2021,34229513775.0
Tanzania,2021,70655628148.0
Togo,2021,8342243646.0
Uganda,2021,40529788744.0
Zambia,2021,22096416932.0
Zimbabwe,2021,28371238666.0
Algeria,2022,225560000000.0
Benin,2022,17425418044.0
Botswana,2022,20321958850.0
Burkina Faso,2022,18820219331.0
Burundi,2022,3338722828.0
Cameroon,2022,43644068311.0
Central African Republic,2022,2382618615.0
Chad,2022,12396807590.0
Eswatini,2022,4790922789.0
Ethiopia,2022,126773000000.0
Gabon,2022,21071739228.0
Ghana,2022,74263364042.0
Kenya,2022,113420000000.0
Lesotho,2022,2289355249.0
Liberia,2022,4001047000.0
Libya,2022,55938727098.0
Madagascar,2022,15302510500.0
Mauritius,2022,12927979286.0
Morocco,2022,130913000000.0
Niger,2022,15433852712.0
Nigeria,2022,472625000000.0
Rwanda,2022,13316160804.0
Senegal,2022,27619479060.0
Seychelles,2022,2057968520.0
Sierra Leone,2022,4094563859.0
Somalia,2022,10419541202.0
South Africa,2022,405271000000.0
Sudan,2022,51666875363.0
Tanzania,2022,75769974505.0
Togo,2022,8169476149.0
Uganda,2022,45565333216.0
Zambia,2022,29163782140.0
Zimbabwe,2022,27366627153.0
Algeria,2023,239899000000.0
Benin,2023,19673284686.0
Botswana,2023,19395765126.0
Burkina Faso,2023,20324617839.0
Burundi,2023,2642161669.0
Cameroon,2023,47945510090.0
Central African Republic,2023,2555492085.0
Chad,2023,13149325359.0
Eswatini,2023,4597855845.0
Ethiopia,2023,163698000000.0
Gabon,2023,20516134389.0
Ghana,2023,76370394412.0
Kenya,2023,107441000000.0
Lesotho,2023,2046039024.0
Liberia,2023,4332000000.0
Libya,2023,50491722446.0
Madagascar,2023,16031702915.0
Mauritius,2023,14397127281.0
Morocco,2023,141109000000.0
Niger,2023,16819170421.0
Nigeria,2023,362815000000.0
Rwanda,2023,14097768648.0
Senegal,2023,31013986429.0
Seychelles,2023,2141450171.0
Sierra Leone,2023,3809832237.0
Somalia,2023,11679800110.0
South Africa,2023,377782000000.0
Sudan,2023,109327000000.0
Tanzania,2023,79158286334.0
Togo,2023,9171261835.0
Uganda,2023,49272882214.0
Zambia,2023,28162630954.0
Zimbabwe,2023,26538273499.0
